<?xml version = '1.0' encoding = 'UTF-8'?>
<Relation class="oracle.dbtools.crest.model.design.logical.Relation" name="Insurer&apos;s Patients" directorySegmentName="seg_0" id="5DE264EE-9EC4-12FE-1052-3CD3D8426BA6">
<createdBy>damie</createdBy>
<createdTime>2021-02-02 06:26:20 UTC</createdTime>
<ownerDesignName>md_logical</ownerDesignName>
<engineerTo>
<item key="044C5780-A572-8C80-352C-C69C0FC70B82" value="true"/>
</engineerTo>
<sourcePk>1B19E4FC-3B41-D37A-7D14-8783EF236DA1</sourcePk>
<identifying>false</identifying>
<nameOnSource>Insures</nameOnSource>
<optionalSource>true</optionalSource>
<optionalTarget>true</optionalTarget>
<sourceCardinality>1</sourceCardinality>
<sourceEntity>D045EE83-2C79-7E84-743A-28DDDD81E537</sourceEntity>
<targetCardinalityString>*</targetCardinalityString>
<targetEntity>C76E470A-DA1E-159F-F61F-FECF23B5FB57</targetEntity>
<transferable>true</transferable>
</Relation>
