<?xml version = '1.0' encoding = 'UTF-8'?>
<Relation class="oracle.dbtools.crest.model.design.logical.Relation" name="Patient&apos;s appointment" directorySegmentName="seg_0" id="6C3D8CC5-A065-6F36-D634-451D650950C3">
<createdBy>damie</createdBy>
<createdTime>2021-02-02 11:40:50 UTC</createdTime>
<ownerDesignName>md_logical</ownerDesignName>
<engineerTo>
<item key="044C5780-A572-8C80-352C-C69C0FC70B82" value="true"/>
</engineerTo>
<sourcePk>1DD46B50-23CB-0F45-F2A7-334E826F60F5</sourcePk>
<identifying>true</identifying>
<nameOnSource>attends</nameOnSource>
<optionalSource>true</optionalSource>
<optionalTarget>false</optionalTarget>
<sourceCardinality>1</sourceCardinality>
<sourceEntity>C76E470A-DA1E-159F-F61F-FECF23B5FB57</sourceEntity>
<targetCardinalityString>*</targetCardinalityString>
<targetEntity>BD6C7EAB-EBB5-6DE8-9A94-715BD2B83A9B</targetEntity>
<transferable>true</transferable>
</Relation>
