<?xml version = '1.0' encoding = 'UTF-8'?>
<Relation class="oracle.dbtools.crest.model.design.logical.Relation" name="Provider&apos;s Services" directorySegmentName="seg_0" id="7683DA58-8C03-F8CC-64E1-F21C909CC453">
<createdBy>damie</createdBy>
<createdTime>2021-02-02 06:14:48 UTC</createdTime>
<ownerDesignName>md_logical</ownerDesignName>
<engineerTo>
<item key="044C5780-A572-8C80-352C-C69C0FC70B82" value="true"/>
</engineerTo>
<sourcePk>FE4F25E8-1EEB-66BA-CB8F-083A5879A68E</sourcePk>
<identifying>true</identifying>
<nameOnSource>provides</nameOnSource>
<optionalSource>false</optionalSource>
<optionalTarget>false</optionalTarget>
<sourceCardinality>1</sourceCardinality>
<sourceEntity>ECB0DA99-3A85-E862-B633-2E77F13E094E</sourceEntity>
<targetCardinalityString>*</targetCardinalityString>
<targetEntity>24AC8FC8-6838-6CD3-C979-8C1069E20AC9</targetEntity>
<transferable>true</transferable>
</Relation>
