<?xml version = '1.0' encoding = 'UTF-8'?>
<Entity class="oracle.dbtools.crest.model.design.logical.Entity" directorySegmentName="seg_0" id="74B0F1C1-B24D-A189-C27D-25DF16113B75" name="NURSE">
<createdBy>damie</createdBy>
<createdTime>2021-02-01 02:17:27 UTC</createdTime>
<ownerDesignName>md_logical</ownerDesignName>
<engineerTo>
<item key="044C5780-A572-8C80-352C-C69C0FC70B82" value="true"/>
</engineerTo>
<adequatelyNormalized>NO</adequatelyNormalized>
<expectedVolumes>0</expectedVolumes>
<fwdEngineeringStrategyName>Single Table</fwdEngineeringStrategyName>
<growthPercent>0</growthPercent>
<growthType>Year</growthType>
<maxVolumes>9999999</maxVolumes>
<minVolumes>0</minVolumes>
<normalForm>Third</normalForm>
<attributes itemClass="oracle.dbtools.crest.model.design.logical.Attribute">
<Attribute name="nurse_no" id="90DBE810-07D4-3FE8-8D57-74F9CBAC4900">
<createdBy>damie</createdBy>
<createdTime>2021-02-01 02:17:38 UTC</createdTime>
<commentInRDBMS><![CDATA[Nurse Number]]></commentInRDBMS>
<ownerDesignName>md_logical</ownerDesignName>
<engineerTo>
<item key="044C5780-A572-8C80-352C-C69C0FC70B82" value="true"/>
</engineerTo>
<useDomainConstraints>false</useDomainConstraints>
<use>1</use>
<logicalDatatype>LOGDT019</logicalDatatype>
<dataTypePrecision>4</dataTypePrecision>
<ownDataTypeParameters>,4,</ownDataTypeParameters>
</Attribute>
<Attribute name="nurse_fname" id="C68C73F9-5830-CA11-A96A-73B4DF35B9B9">
<createdBy>damie</createdBy>
<createdTime>2021-02-01 02:18:08 UTC</createdTime>
<commentInRDBMS><![CDATA[Nurse First Name]]></commentInRDBMS>
<ownerDesignName>md_logical</ownerDesignName>
<engineerTo>
<item key="044C5780-A572-8C80-352C-C69C0FC70B82" value="true"/>
</engineerTo>
<useDomainConstraints>false</useDomainConstraints>
<use>1</use>
<logicalDatatype>LOGDT024</logicalDatatype>
<dataTypeSize>20</dataTypeSize>
<ownDataTypeParameters>20,,</ownDataTypeParameters>
</Attribute>
<Attribute name="nurse_lname" id="00C5BAF7-6608-D4E1-7EE8-D8362853574E">
<createdBy>damie</createdBy>
<createdTime>2021-02-01 02:24:36 UTC</createdTime>
<commentInRDBMS><![CDATA[Nurse Last Name]]></commentInRDBMS>
<ownerDesignName>md_logical</ownerDesignName>
<engineerTo>
<item key="044C5780-A572-8C80-352C-C69C0FC70B82" value="true"/>
</engineerTo>
<useDomainConstraints>false</useDomainConstraints>
<use>1</use>
<logicalDatatype>LOGDT024</logicalDatatype>
<dataTypeSize>50</dataTypeSize>
<ownDataTypeParameters>50,,</ownDataTypeParameters>
</Attribute>
<Attribute name="nurse_phone" id="E323FB19-6A5D-2F53-64B4-1AAC89BB1951">
<createdBy>damie</createdBy>
<createdTime>2021-02-01 02:32:57 UTC</createdTime>
<commentInRDBMS><![CDATA[Nurse Phone Number]]></commentInRDBMS>
<ownerDesignName>md_logical</ownerDesignName>
<engineerTo>
<item key="044C5780-A572-8C80-352C-C69C0FC70B82" value="true"/>
</engineerTo>
<useDomainConstraints>false</useDomainConstraints>
<use>1</use>
<logicalDatatype>LOGDT019</logicalDatatype>
<dataTypePrecision>10</dataTypePrecision>
<ownDataTypeParameters>,10,</ownDataTypeParameters>
</Attribute>
</attributes>
<identifiers itemClass="oracle.dbtools.crest.model.design.logical.CandidateKey">
<identifier id="25686C3D-DF64-1850-DC59-F019EE2D632F" name="NURSE PK">
<createdBy>damie</createdBy>
<createdTime>2021-02-01 02:17:58 UTC</createdTime>
<ownerDesignName>md_logical</ownerDesignName>
<shouldEngineer>false</shouldEngineer>
<engineerTo>
<item key="044C5780-A572-8C80-352C-C69C0FC70B82" value="false"/>
</engineerTo>
<pk>true</pk>
<usedAttributes>
<attributeRef>90DBE810-07D4-3FE8-8D57-74F9CBAC4900</attributeRef>
</usedAttributes>
</identifier>
</identifiers>
</Entity>
