<?xml version = '1.0' encoding = 'UTF-8'?>
<Entity class="oracle.dbtools.crest.model.design.logical.Entity" directorySegmentName="seg_0" id="BD6C7EAB-EBB5-6DE8-9A94-715BD2B83A9B" name="APPOINTMENT">
<createdBy>damie</createdBy>
<createdTime>2021-01-31 14:03:17 UTC</createdTime>
<ownerDesignName>md_logical</ownerDesignName>
<engineerTo>
<item key="044C5780-A572-8C80-352C-C69C0FC70B82" value="true"/>
</engineerTo>
<adequatelyNormalized>NO</adequatelyNormalized>
<expectedVolumes>0</expectedVolumes>
<fwdEngineeringStrategyName>Single Table</fwdEngineeringStrategyName>
<growthPercent>0</growthPercent>
<growthType>Year</growthType>
<maxVolumes>9999999</maxVolumes>
<minVolumes>0</minVolumes>
<normalForm>Third</normalForm>
<attributes itemClass="oracle.dbtools.crest.model.design.logical.Attribute">
<Attribute name="prov_code" id="8C5790BD-7DFD-478D-8EB1-BB574582D032">
<createdBy>damie</createdBy>
<createdTime>2021-01-31 14:03:34 UTC</createdTime>
<commentInRDBMS><![CDATA[Provider code]]></commentInRDBMS>
<generatorID>6C04A25E-0EAD-2F27-9060-37D5C9417510</generatorID>
<ownerDesignName>md_logical</ownerDesignName>
<engineerTo>
<item key="044C5780-A572-8C80-352C-C69C0FC70B82" value="true"/>
</engineerTo>
<referedAttribute>7B848038-4711-B0A2-CD69-B1EF83247E1B</referedAttribute>
<useDomainConstraints>false</useDomainConstraints>
<use>1</use>
<logicalDatatype>LOGDT025</logicalDatatype>
<dataTypeSize>6</dataTypeSize>
<ownDataTypeParameters>,,</ownDataTypeParameters>
</Attribute>
<Attribute name="appt_datetime" id="F638B28E-7895-936C-7AAA-A16A92F9373C">
<createdBy>damie</createdBy>
<createdTime>2021-01-31 14:05:46 UTC</createdTime>
<commentInRDBMS><![CDATA[Appointment date and time]]></commentInRDBMS>
<ownerDesignName>md_logical</ownerDesignName>
<engineerTo>
<item key="044C5780-A572-8C80-352C-C69C0FC70B82" value="true"/>
</engineerTo>
<useDomainConstraints>false</useDomainConstraints>
<use>1</use>
<logicalDatatype>LOGDT007</logicalDatatype>
<ownDataTypeParameters>,,</ownDataTypeParameters>
</Attribute>
<Attribute name="appt_room" id="BB9029D1-696D-7064-F156-F23E8DF44D21">
<createdBy>damie</createdBy>
<createdTime>2021-01-31 14:11:15 UTC</createdTime>
<commentInRDBMS><![CDATA[Appointment Room]]></commentInRDBMS>
<ownerDesignName>md_logical</ownerDesignName>
<engineerTo>
<item key="044C5780-A572-8C80-352C-C69C0FC70B82" value="true"/>
</engineerTo>
<useDomainConstraints>false</useDomainConstraints>
<use>1</use>
<logicalDatatype>LOGDT019</logicalDatatype>
<dataTypePrecision>4</dataTypePrecision>
<ownDataTypeParameters>,4,</ownDataTypeParameters>
</Attribute>
<Attribute name="appt_type" id="969DB4C4-D5FF-1848-4B20-6762F435478E">
<createdBy>damie</createdBy>
<createdTime>2021-01-31 14:12:25 UTC</createdTime>
<commentInRDBMS><![CDATA[Appointment Type which keeps track of appointment length (short, standard or long)]]></commentInRDBMS>
<ownerDesignName>md_logical</ownerDesignName>
<engineerTo>
<item key="044C5780-A572-8C80-352C-C69C0FC70B82" value="true"/>
</engineerTo>
<constraintName>Appointment length </constraintName>
<useDomainConstraints>false</useDomainConstraints>
<use>1</use>
<logicalDatatype>LOGDT024</logicalDatatype>
<dataTypeSize>50</dataTypeSize>
<listOfValues>
<valueDef value="Long" description="Long appointment"/>
<valueDef value="Short" description="Short appointment"/>
<valueDef value="Standard" description="Standard length appointment"/>
</listOfValues>
<ownDataTypeParameters>50,,</ownDataTypeParameters>
</Attribute>
<Attribute name="appt_fee" id="5D8D8C8B-23CA-D2F9-381E-838B5AA81D5B">
<createdBy>damie</createdBy>
<createdTime>2021-02-01 02:55:29 UTC</createdTime>
<commentInRDBMS><![CDATA[Actual fee for appointment]]></commentInRDBMS>
<ownerDesignName>md_logical</ownerDesignName>
<engineerTo>
<item key="044C5780-A572-8C80-352C-C69C0FC70B82" value="true"/>
</engineerTo>
<useDomainConstraints>false</useDomainConstraints>
<use>1</use>
<logicalDatatype>LOGDT019</logicalDatatype>
<dataTypePrecision>5</dataTypePrecision>
<dataTypeScale>2</dataTypeScale>
<ownDataTypeParameters>,5,2</ownDataTypeParameters>
</Attribute>
<Attribute name="patient_no" id="46E62EF0-E429-49A6-8DDA-68B000CAE750">
<createdBy>damie</createdBy>
<createdTime>2021-02-02 11:40:50 UTC</createdTime>
<commentInRDBMS><![CDATA[Patient Number]]></commentInRDBMS>
<generatorID>6C3D8CC5-A065-6F36-D634-451D650950C3</generatorID>
<ownerDesignName>md_logical</ownerDesignName>
<engineerTo>
<item key="044C5780-A572-8C80-352C-C69C0FC70B82" value="true"/>
</engineerTo>
<referedAttribute>B9668E6E-18D2-BD19-1DD5-8CA090AAE553</referedAttribute>
<useDomainConstraints>false</useDomainConstraints>
<use>1</use>
<logicalDatatype>LOGDT019</logicalDatatype>
<dataTypePrecision>4</dataTypePrecision>
<ownDataTypeParameters>,4,</ownDataTypeParameters>
</Attribute>
<Attribute name="appt_no" id="3BA6087F-04BF-84FB-94A2-65E4C84E6AC6">
<createdBy>damie</createdBy>
<createdTime>2021-02-02 11:50:12 UTC</createdTime>
<commentInRDBMS><![CDATA[Surrogate key for appointment]]></commentInRDBMS>
<ownerDesignName>md_logical</ownerDesignName>
<engineerTo>
<item key="044C5780-A572-8C80-352C-C69C0FC70B82" value="true"/>
</engineerTo>
<useDomainConstraints>false</useDomainConstraints>
<use>1</use>
<logicalDatatype>LOGDT019</logicalDatatype>
<dataTypePrecision>7</dataTypePrecision>
<ownDataTypeParameters>,7,</ownDataTypeParameters>
</Attribute>
</attributes>
<identifiers itemClass="oracle.dbtools.crest.model.design.logical.CandidateKey">
<identifier id="21CBDA71-AA94-33AC-1A1D-27E6B600B7F4" name="APPOINTMENT PK">
<createdBy>damie</createdBy>
<createdTime>2021-01-31 14:03:34 UTC</createdTime>
<ownerDesignName>md_logical</ownerDesignName>
<shouldEngineer>false</shouldEngineer>
<engineerTo>
<item key="044C5780-A572-8C80-352C-C69C0FC70B82" value="false"/>
</engineerTo>
<pk>true</pk>
<usedAttributes>
<attributeRef>46E62EF0-E429-49A6-8DDA-68B000CAE750</attributeRef>
<attributeRef>3BA6087F-04BF-84FB-94A2-65E4C84E6AC6</attributeRef>
</usedAttributes>
</identifier>
</identifiers>
</Entity>
