<?xml version = '1.0' encoding = 'UTF-8'?>
<Entity class="oracle.dbtools.crest.model.design.logical.Entity" directorySegmentName="seg_0" id="C76E470A-DA1E-159F-F61F-FECF23B5FB57" name="PATIENT">
<createdBy>damie</createdBy>
<createdTime>2021-01-31 14:22:50 UTC</createdTime>
<ownerDesignName>md_logical</ownerDesignName>
<engineerTo>
<item key="044C5780-A572-8C80-352C-C69C0FC70B82" value="true"/>
</engineerTo>
<adequatelyNormalized>NO</adequatelyNormalized>
<expectedVolumes>0</expectedVolumes>
<fwdEngineeringStrategyName>Single Table</fwdEngineeringStrategyName>
<growthPercent>0</growthPercent>
<growthType>Year</growthType>
<maxVolumes>9999999</maxVolumes>
<minVolumes>0</minVolumes>
<normalForm>Third</normalForm>
<attributes itemClass="oracle.dbtools.crest.model.design.logical.Attribute">
<Attribute name="patient_no" id="B9668E6E-18D2-BD19-1DD5-8CA090AAE553">
<createdBy>damie</createdBy>
<createdTime>2021-01-31 14:24:58 UTC</createdTime>
<commentInRDBMS><![CDATA[Patient Number]]></commentInRDBMS>
<ownerDesignName>md_logical</ownerDesignName>
<engineerTo>
<item key="044C5780-A572-8C80-352C-C69C0FC70B82" value="true"/>
</engineerTo>
<useDomainConstraints>false</useDomainConstraints>
<use>1</use>
<logicalDatatype>LOGDT019</logicalDatatype>
<dataTypePrecision>4</dataTypePrecision>
<ownDataTypeParameters>,4,</ownDataTypeParameters>
</Attribute>
<Attribute name="patient_fname" id="45AF26A8-1B76-B9B7-8439-4C0F22F5B078">
<createdBy>damie</createdBy>
<createdTime>2021-01-31 14:34:57 UTC</createdTime>
<commentInRDBMS><![CDATA[Patient First Name]]></commentInRDBMS>
<ownerDesignName>md_logical</ownerDesignName>
<engineerTo>
<item key="044C5780-A572-8C80-352C-C69C0FC70B82" value="true"/>
</engineerTo>
<useDomainConstraints>false</useDomainConstraints>
<use>1</use>
<logicalDatatype>LOGDT024</logicalDatatype>
<dataTypeSize>50</dataTypeSize>
<ownDataTypeParameters>50,,</ownDataTypeParameters>
</Attribute>
<Attribute name="patient_lname" id="4F895717-C88C-FAAA-730C-1BBFD12AD890">
<createdBy>damie</createdBy>
<createdTime>2021-01-31 14:35:16 UTC</createdTime>
<commentInRDBMS><![CDATA[Patient last name]]></commentInRDBMS>
<ownerDesignName>md_logical</ownerDesignName>
<engineerTo>
<item key="044C5780-A572-8C80-352C-C69C0FC70B82" value="true"/>
</engineerTo>
<useDomainConstraints>false</useDomainConstraints>
<use>1</use>
<logicalDatatype>LOGDT024</logicalDatatype>
<dataTypeSize>50</dataTypeSize>
<ownDataTypeParameters>50,,</ownDataTypeParameters>
</Attribute>
<Attribute name="patient_dob" id="9DFBDE7D-DBF1-19CC-277D-0252EECAC5D4">
<createdBy>damie</createdBy>
<createdTime>2021-02-01 02:34:27 UTC</createdTime>
<commentInRDBMS><![CDATA[Patient Date of Birth]]></commentInRDBMS>
<ownerDesignName>md_logical</ownerDesignName>
<engineerTo>
<item key="044C5780-A572-8C80-352C-C69C0FC70B82" value="true"/>
</engineerTo>
<useDomainConstraints>false</useDomainConstraints>
<use>1</use>
<logicalDatatype>LOGDT007</logicalDatatype>
<ownDataTypeParameters>,,</ownDataTypeParameters>
</Attribute>
<Attribute name="patient_addr_street_no" id="B880090D-6483-5CBC-BFC0-597E040C944C">
<createdBy>damie</createdBy>
<createdTime>2021-02-01 02:34:46 UTC</createdTime>
<commentInRDBMS><![CDATA[Patient Address Street Number]]></commentInRDBMS>
<ownerDesignName>md_logical</ownerDesignName>
<engineerTo>
<item key="044C5780-A572-8C80-352C-C69C0FC70B82" value="true"/>
</engineerTo>
<useDomainConstraints>false</useDomainConstraints>
<use>1</use>
<logicalDatatype>LOGDT019</logicalDatatype>
<dataTypePrecision>4</dataTypePrecision>
<ownDataTypeParameters>,4,</ownDataTypeParameters>
</Attribute>
<Attribute name="patient_addr_street_name" id="E755F86D-1630-28FB-06D7-D7FC54B6184F">
<createdBy>damie</createdBy>
<createdTime>2021-02-01 02:36:35 UTC</createdTime>
<commentInRDBMS><![CDATA[Patient Address Street Name]]></commentInRDBMS>
<ownerDesignName>md_logical</ownerDesignName>
<engineerTo>
<item key="044C5780-A572-8C80-352C-C69C0FC70B82" value="true"/>
</engineerTo>
<useDomainConstraints>false</useDomainConstraints>
<use>1</use>
<logicalDatatype>LOGDT024</logicalDatatype>
<dataTypeSize>100</dataTypeSize>
<ownDataTypeParameters>100,,</ownDataTypeParameters>
</Attribute>
<Attribute name="patient_address_suburb" id="E0EB9223-9DF5-EADA-6373-70D7616C7C03">
<createdBy>damie</createdBy>
<createdTime>2021-02-01 02:37:03 UTC</createdTime>
<commentInRDBMS><![CDATA[Patient Address Suburb Name]]></commentInRDBMS>
<ownerDesignName>md_logical</ownerDesignName>
<engineerTo>
<item key="044C5780-A572-8C80-352C-C69C0FC70B82" value="true"/>
</engineerTo>
<useDomainConstraints>false</useDomainConstraints>
<use>1</use>
<logicalDatatype>LOGDT024</logicalDatatype>
<dataTypeSize>50</dataTypeSize>
<ownDataTypeParameters>50,,</ownDataTypeParameters>
</Attribute>
<Attribute name="patient_addr_postcode" id="AE89EB5D-AF6A-C402-202E-8C96E355A66C">
<createdBy>damie</createdBy>
<createdTime>2021-02-01 02:37:26 UTC</createdTime>
<commentInRDBMS><![CDATA[Patient Address Postcode]]></commentInRDBMS>
<ownerDesignName>md_logical</ownerDesignName>
<engineerTo>
<item key="044C5780-A572-8C80-352C-C69C0FC70B82" value="true"/>
</engineerTo>
<useDomainConstraints>false</useDomainConstraints>
<use>1</use>
<logicalDatatype>LOGDT019</logicalDatatype>
<dataTypePrecision>4</dataTypePrecision>
<ownDataTypeParameters>,4,</ownDataTypeParameters>
</Attribute>
<Attribute name="patient_medicare_no" id="752059AD-D081-EA08-C789-2BEC8D6BB8BE">
<createdBy>damie</createdBy>
<createdTime>2021-02-01 02:53:41 UTC</createdTime>
<commentInRDBMS><![CDATA[Patient's medicare number]]></commentInRDBMS>
<ownerDesignName>md_logical</ownerDesignName>
<engineerTo>
<item key="044C5780-A572-8C80-352C-C69C0FC70B82" value="true"/>
</engineerTo>
<useDomainConstraints>false</useDomainConstraints>
<use>1</use>
<logicalDatatype>LOGDT019</logicalDatatype>
<dataTypePrecision>10</dataTypePrecision>
<ownDataTypeParameters>,10,</ownDataTypeParameters>
</Attribute>
<Attribute name="insurer_code" id="CEA22B32-4E00-B64E-7BC8-23051E27A181">
<createdBy>damie</createdBy>
<createdTime>2021-02-02 06:26:20 UTC</createdTime>
<commentInRDBMS><![CDATA[Insurance Code]]></commentInRDBMS>
<generatorID>5DE264EE-9EC4-12FE-1052-3CD3D8426BA6</generatorID>
<ownerDesignName>md_logical</ownerDesignName>
<engineerTo>
<item key="044C5780-A572-8C80-352C-C69C0FC70B82" value="true"/>
</engineerTo>
<nullsAllowed>true</nullsAllowed>
<referedAttribute>B0E9E9C8-E43F-7024-3DED-D261FBA83E20</referedAttribute>
<useDomainConstraints>false</useDomainConstraints>
<use>1</use>
<logicalDatatype>LOGDT019</logicalDatatype>
<dataTypePrecision>7</dataTypePrecision>
<ownDataTypeParameters>,,</ownDataTypeParameters>
</Attribute>
</attributes>
<identifiers itemClass="oracle.dbtools.crest.model.design.logical.CandidateKey">
<identifier id="1DD46B50-23CB-0F45-F2A7-334E826F60F5" name="PATIENT PK">
<createdBy>damie</createdBy>
<createdTime>2021-01-31 14:34:55 UTC</createdTime>
<ownerDesignName>md_logical</ownerDesignName>
<shouldEngineer>false</shouldEngineer>
<engineerTo>
<item key="044C5780-A572-8C80-352C-C69C0FC70B82" value="false"/>
</engineerTo>
<pk>true</pk>
<usedAttributes>
<attributeRef>B9668E6E-18D2-BD19-1DD5-8CA090AAE553</attributeRef>
</usedAttributes>
</identifier>
</identifiers>
</Entity>
