<?xml version = '1.0' encoding = 'UTF-8'?>
<Entity class="oracle.dbtools.crest.model.design.logical.Entity" directorySegmentName="seg_0" id="EC376A97-997F-9CAE-971D-CDB0B18BA6A4" name="SERVICE">
<createdBy>damie</createdBy>
<createdTime>2021-02-01 01:48:18 UTC</createdTime>
<ownerDesignName>md_logical</ownerDesignName>
<engineerTo>
<item key="044C5780-A572-8C80-352C-C69C0FC70B82" value="true"/>
</engineerTo>
<adequatelyNormalized>NO</adequatelyNormalized>
<expectedVolumes>0</expectedVolumes>
<fwdEngineeringStrategyName>Single Table</fwdEngineeringStrategyName>
<growthPercent>0</growthPercent>
<growthType>Year</growthType>
<maxVolumes>9999999</maxVolumes>
<minVolumes>0</minVolumes>
<normalForm>Third</normalForm>
<attributes itemClass="oracle.dbtools.crest.model.design.logical.Attribute">
<Attribute name="service_code" id="0B3E8E20-1B76-F5FA-19B3-10E55475439D">
<createdBy>damie</createdBy>
<createdTime>2021-02-01 01:48:26 UTC</createdTime>
<commentInRDBMS><![CDATA[Service Code]]></commentInRDBMS>
<ownerDesignName>md_logical</ownerDesignName>
<engineerTo>
<item key="044C5780-A572-8C80-352C-C69C0FC70B82" value="true"/>
</engineerTo>
<useDomainConstraints>false</useDomainConstraints>
<use>1</use>
<logicalDatatype>LOGDT019</logicalDatatype>
<dataTypePrecision>4</dataTypePrecision>
<ownDataTypeParameters>,4,</ownDataTypeParameters>
</Attribute>
<Attribute name="service_desc" id="640917B6-04E9-CD67-7B18-830DDDFC218A">
<createdBy>damie</createdBy>
<createdTime>2021-02-01 01:49:05 UTC</createdTime>
<commentInRDBMS><![CDATA[Service Description]]></commentInRDBMS>
<ownerDesignName>md_logical</ownerDesignName>
<engineerTo>
<item key="044C5780-A572-8C80-352C-C69C0FC70B82" value="true"/>
</engineerTo>
<useDomainConstraints>false</useDomainConstraints>
<use>1</use>
<logicalDatatype>LOGDT024</logicalDatatype>
<dataTypeSize>200</dataTypeSize>
<ownDataTypeParameters>200,,</ownDataTypeParameters>
</Attribute>
<Attribute name="service_stnd_fee" id="08BECF31-9F23-409D-2A43-F098FF813759">
<createdBy>damie</createdBy>
<createdTime>2021-02-01 01:49:26 UTC</createdTime>
<commentInRDBMS><![CDATA[Service Standard Fee]]></commentInRDBMS>
<ownerDesignName>md_logical</ownerDesignName>
<engineerTo>
<item key="044C5780-A572-8C80-352C-C69C0FC70B82" value="true"/>
</engineerTo>
<useDomainConstraints>false</useDomainConstraints>
<use>1</use>
<logicalDatatype>LOGDT019</logicalDatatype>
<dataTypePrecision>7</dataTypePrecision>
<dataTypeScale>2</dataTypeScale>
<ownDataTypeParameters>,7,2</ownDataTypeParameters>
</Attribute>
</attributes>
<identifiers itemClass="oracle.dbtools.crest.model.design.logical.CandidateKey">
<identifier id="25341797-3DED-4C07-9792-D3F3D290DFF9" name="SERVICE PK">
<createdBy>damie</createdBy>
<createdTime>2021-02-01 01:49:01 UTC</createdTime>
<ownerDesignName>md_logical</ownerDesignName>
<shouldEngineer>false</shouldEngineer>
<engineerTo>
<item key="044C5780-A572-8C80-352C-C69C0FC70B82" value="false"/>
</engineerTo>
<pk>true</pk>
<usedAttributes>
<attributeRef>0B3E8E20-1B76-F5FA-19B3-10E55475439D</attributeRef>
</usedAttributes>
</identifier>
</identifiers>
</Entity>
