<?xml version = '1.0' encoding = 'UTF-8'?>
<Diagram class="oracle.dbtools.crest.swingui.logical.DPVLogical" name="Logical" id="ADFE9648-31D6-6750-8C6B-15847E353AEC">
<createdBy>Damien Ambegoda 30594235</createdBy>
<modifiedBy>Damien Ambegoda 30594235</modifiedBy>
<createdTime>2021-01-31 13:02:56 UTC</createdTime>
<autoRoute>false</autoRoute>
<boxInbox>true</boxInbox>
<showLegend>true</showLegend>
<showLabels>true</showLabels>
<showRelAttributes>false</showRelAttributes>
<gridEnabled>false</gridEnabled>
<showGrid>false</showGrid>
<diagramColor>-1</diagramColor>
<display>false</display>
<notation>2</notation>
<showAllDetails>false</showAllDetails>
<showElements>true</showElements>
<objectViews>
<OView class="oracle.dbtools.crest.swingui.logical.TVEntity" oid="24AC8FC8-6838-6CD3-C979-8C1069E20AC9" otype="Entity" vid="8E929BA6-608C-A4CD-FF02-343D0B0B4D72">
<hideElementsInCurrentOnly>false</hideElementsInCurrentOnly>
<bounds x="70" y="607" width="170" height="112"/>
</OView>
<OView class="oracle.dbtools.crest.swingui.TVLegend" oid="298778F8-5026-D001-DFD4-3FD626352FE0" otype="Legend" vid="E8B673CA-20B4-8F7E-F73B-7094D9A422AA">
<hideElementsInCurrentOnly>false</hideElementsInCurrentOnly>
<bounds x="10" y="10" width="235" height="135"/>
</OView>
<OView class="oracle.dbtools.crest.swingui.logical.TVEntity" oid="52B23DED-F30D-6955-A311-9CB6C29F3984" otype="Entity" vid="E6397CB0-485F-0A54-1325-16A8A305B6C8">
<hideElementsInCurrentOnly>false</hideElementsInCurrentOnly>
<bounds x="404" y="104" width="170" height="112"/>
</OView>
<OView class="oracle.dbtools.crest.swingui.logical.TVEntity" oid="72734746-30E6-5A07-51FC-FAD1E42235B1" otype="Entity" vid="2E07AED3-42CA-4987-FFB6-A2C3968D1BAB">
<hideElementsInCurrentOnly>false</hideElementsInCurrentOnly>
<bounds x="380" y="818" width="170" height="114"/>
</OView>
<OView class="oracle.dbtools.crest.swingui.logical.TVEntity" oid="74B0F1C1-B24D-A189-C27D-25DF16113B75" otype="Entity" vid="945578F1-F8B6-FEA5-B55C-4F7BB68A1877">
<hideElementsInCurrentOnly>false</hideElementsInCurrentOnly>
<bounds x="687" y="107" width="170" height="110"/>
</OView>
<OView class="oracle.dbtools.crest.swingui.logical.TVEntity" oid="AC7E48B0-E374-C693-6C6E-2E6DC43960B3" otype="Entity" vid="83546318-C5D3-F19C-1E4E-BEB718901571">
<hideElementsInCurrentOnly>false</hideElementsInCurrentOnly>
<bounds x="750" y="438" width="170" height="118"/>
</OView>
<OView class="oracle.dbtools.crest.swingui.logical.TVEntity" oid="BD6C7EAB-EBB5-6DE8-9A94-715BD2B83A9B" otype="Entity" vid="456BD4E6-7593-DDFE-1E32-CBB7B84EA95E">
<hideElementsInCurrentOnly>false</hideElementsInCurrentOnly>
<bounds x="365" y="327" width="211" height="130"/>
</OView>
<OView class="oracle.dbtools.crest.swingui.logical.TVEntity" oid="C76E470A-DA1E-159F-F61F-FECF23B5FB57" otype="Entity" vid="F356DAEA-91E6-C9E7-9014-9FB0122F3FF0">
<hideElementsInCurrentOnly>false</hideElementsInCurrentOnly>
<bounds x="952" y="287" width="170" height="195"/>
</OView>
<OView class="oracle.dbtools.crest.swingui.logical.TVEntity" oid="D045EE83-2C79-7E84-743A-28DDDD81E537" otype="Entity" vid="3CED0CC9-DD5A-89A3-0560-A8D5038E3EBF">
<hideElementsInCurrentOnly>false</hideElementsInCurrentOnly>
<bounds x="947" y="627" width="170" height="114"/>
</OView>
<OView class="oracle.dbtools.crest.swingui.logical.TVEntity" oid="EC376A97-997F-9CAE-971D-CDB0B18BA6A4" otype="Entity" vid="C4484179-A5CF-C2D1-7E59-7B3E8798AB70">
<hideElementsInCurrentOnly>false</hideElementsInCurrentOnly>
<bounds x="75" y="819" width="170" height="110"/>
</OView>
<OView class="oracle.dbtools.crest.swingui.logical.TVEntity" oid="ECB0DA99-3A85-E862-B633-2E77F13E094E" otype="Entity" vid="12561EFE-7BC8-DDEC-9C80-EF44ED86BAA8">
<hideElementsInCurrentOnly>false</hideElementsInCurrentOnly>
<bounds x="83" y="298" width="170" height="202"/>
</OView>
</objectViews>
<connectors>
<Connector class="oracle.dbtools.crest.swingui.logical.TVRelation" oid="31C40C86-BC44-4878-9AE3-73E1D9542513" otype="Relation" vid_source="456BD4E6-7593-DDFE-1E32-CBB7B84EA95E" vid_target="E6397CB0-485F-0A54-1325-16A8A305B6C8">
<hideElementsInCurrentOnly>false</hideElementsInCurrentOnly>
<backgroundColor>-16777216</backgroundColor>
<lineWidth>1</lineWidth>
<sourceLabel class="oracle.dbtools.crest.model.design.Label">
<site>0</site>
<labelBounds x="489" y="291" width="56" height="30"/>
<noBackgroundColor>true</noBackgroundColor>
<noForegroundColor>true</noForegroundColor>
</sourceLabel>
<points>
<point x="489" y="327"/>
<point x="489" y="216"/>
</points>
</Connector>
<Connector class="oracle.dbtools.crest.swingui.logical.TVRelation" oid="5DE264EE-9EC4-12FE-1052-3CD3D8426BA6" otype="Relation" vid_source="3CED0CC9-DD5A-89A3-0560-A8D5038E3EBF" vid_target="F356DAEA-91E6-C9E7-9014-9FB0122F3FF0">
<hideElementsInCurrentOnly>false</hideElementsInCurrentOnly>
<backgroundColor>-16777216</backgroundColor>
<lineWidth>1</lineWidth>
<sourceLabel class="oracle.dbtools.crest.model.design.Label">
<site>0</site>
<labelBounds x="1034" y="591" width="47" height="30"/>
<noBackgroundColor>true</noBackgroundColor>
<noForegroundColor>true</noForegroundColor>
</sourceLabel>
<points>
<point x="1034" y="627"/>
<point x="1034" y="482"/>
</points>
</Connector>
<Connector class="oracle.dbtools.crest.swingui.logical.TVRelation" oid="6C04A25E-0EAD-2F27-9060-37D5C9417510" otype="Relation" vid_source="12561EFE-7BC8-DDEC-9C80-EF44ED86BAA8" vid_target="456BD4E6-7593-DDFE-1E32-CBB7B84EA95E">
<hideElementsInCurrentOnly>false</hideElementsInCurrentOnly>
<backgroundColor>-16777216</backgroundColor>
<lineWidth>1</lineWidth>
<sourceLabel class="oracle.dbtools.crest.model.design.Label">
<site>0</site>
<labelBounds x="263" y="362" width="57" height="30"/>
<noBackgroundColor>true</noBackgroundColor>
<noForegroundColor>true</noForegroundColor>
</sourceLabel>
<points>
<point x="253" y="392"/>
<point x="365" y="392"/>
</points>
</Connector>
<Connector class="oracle.dbtools.crest.swingui.logical.TVRelation" oid="6C3D8CC5-A065-6F36-D634-451D650950C3" otype="Relation" vid_source="F356DAEA-91E6-C9E7-9014-9FB0122F3FF0" vid_target="456BD4E6-7593-DDFE-1E32-CBB7B84EA95E">
<hideElementsInCurrentOnly>false</hideElementsInCurrentOnly>
<backgroundColor>-16777216</backgroundColor>
<lineWidth>1</lineWidth>
<sourceLabel class="oracle.dbtools.crest.model.design.Label">
<site>0</site>
<labelBounds x="905" y="377" width="41" height="30"/>
<noBackgroundColor>true</noBackgroundColor>
<noForegroundColor>true</noForegroundColor>
</sourceLabel>
<points>
<point x="952" y="407"/>
<point x="576" y="407"/>
</points>
</Connector>
<Connector class="oracle.dbtools.crest.swingui.logical.TVRelation" oid="73412783-2052-7792-B76F-8F3CC592E870" otype="Relation" vid_source="945578F1-F8B6-FEA5-B55C-4F7BB68A1877" vid_target="E6397CB0-485F-0A54-1325-16A8A305B6C8">
<hideElementsInCurrentOnly>false</hideElementsInCurrentOnly>
<backgroundColor>-16777216</backgroundColor>
<lineWidth>1</lineWidth>
<sourceLabel class="oracle.dbtools.crest.model.design.Label">
<site>0</site>
<labelBounds x="624" y="131" width="57" height="30"/>
<noBackgroundColor>true</noBackgroundColor>
<noForegroundColor>true</noForegroundColor>
</sourceLabel>
<points>
<point x="687" y="161"/>
<point x="574" y="161"/>
</points>
</Connector>
<Connector class="oracle.dbtools.crest.swingui.logical.TVRelation" oid="7683DA58-8C03-F8CC-64E1-F21C909CC453" otype="Relation" vid_source="12561EFE-7BC8-DDEC-9C80-EF44ED86BAA8" vid_target="8E929BA6-608C-A4CD-FF02-343D0B0B4D72">
<hideElementsInCurrentOnly>false</hideElementsInCurrentOnly>
<backgroundColor>-16777216</backgroundColor>
<lineWidth>1</lineWidth>
<sourceLabel class="oracle.dbtools.crest.model.design.Label">
<site>0</site>
<labelBounds x="161" y="542" width="54" height="28"/>
<noBackgroundColor>true</noBackgroundColor>
<noForegroundColor>true</noForegroundColor>
</sourceLabel>
<points>
<point x="161" y="500"/>
<point x="161" y="607"/>
</points>
</Connector>
<Connector class="oracle.dbtools.crest.swingui.logical.TVRelation" oid="8FAECDF4-8B13-9158-823D-0D058439A3E9" otype="Relation" vid_source="C4484179-A5CF-C2D1-7E59-7B3E8798AB70" vid_target="8E929BA6-608C-A4CD-FF02-343D0B0B4D72">
<hideElementsInCurrentOnly>false</hideElementsInCurrentOnly>
<backgroundColor>-16777216</backgroundColor>
<lineWidth>1</lineWidth>
<sourceLabel class="oracle.dbtools.crest.model.design.Label">
<site>0</site>
<labelBounds x="157" y="783" width="73" height="30"/>
<noBackgroundColor>true</noBackgroundColor>
<noForegroundColor>true</noForegroundColor>
</sourceLabel>
<points>
<point x="157" y="819"/>
<point x="157" y="719"/>
</points>
</Connector>
<Connector class="oracle.dbtools.crest.swingui.logical.TVRelation" oid="AB712452-D6BD-5590-A959-9F53AA6CA69D" otype="Relation" vid_source="C4484179-A5CF-C2D1-7E59-7B3E8798AB70" vid_target="2E07AED3-42CA-4987-FFB6-A2C3968D1BAB">
<hideElementsInCurrentOnly>false</hideElementsInCurrentOnly>
<backgroundColor>-16777216</backgroundColor>
<lineWidth>1</lineWidth>
<sourceLabel class="oracle.dbtools.crest.model.design.Label">
<site>0</site>
<labelBounds x="255" y="859" width="71" height="30"/>
<noBackgroundColor>true</noBackgroundColor>
<noForegroundColor>true</noForegroundColor>
</sourceLabel>
<points>
<point x="245" y="889"/>
<point x="380" y="889"/>
</points>
</Connector>
<Connector class="oracle.dbtools.crest.swingui.logical.TVRelation" oid="E9417320-0B84-3CF6-6CD4-A6BD0EBBBB82" otype="Relation" vid_source="456BD4E6-7593-DDFE-1E32-CBB7B84EA95E" vid_target="2E07AED3-42CA-4987-FFB6-A2C3968D1BAB">
<hideElementsInCurrentOnly>false</hideElementsInCurrentOnly>
<backgroundColor>-16777216</backgroundColor>
<lineWidth>1</lineWidth>
<sourceLabel class="oracle.dbtools.crest.model.design.Label">
<site>0</site>
<labelBounds x="465" y="509" width="55" height="30"/>
<noBackgroundColor>true</noBackgroundColor>
<noForegroundColor>true</noForegroundColor>
</sourceLabel>
<points>
<point x="465" y="457"/>
<point x="465" y="818"/>
</points>
</Connector>
<Connector class="oracle.dbtools.crest.swingui.logical.TVRelation" oid="F95A0045-0408-63E9-5DE4-448987C7B7E7" otype="Relation" vid_source="456BD4E6-7593-DDFE-1E32-CBB7B84EA95E" vid_target="83546318-C5D3-F19C-1E4E-BEB718901571">
<hideElementsInCurrentOnly>false</hideElementsInCurrentOnly>
<backgroundColor>-16777216</backgroundColor>
<lineWidth>1</lineWidth>
<sourceLabel class="oracle.dbtools.crest.model.design.Label">
<site>0</site>
<labelBounds x="586" y="421" width="97" height="26"/>
<noBackgroundColor>true</noBackgroundColor>
<noForegroundColor>true</noForegroundColor>
</sourceLabel>
<points>
<point x="576" y="447"/>
<point x="750" y="447"/>
</points>
</Connector>
</connectors>
</Diagram>
