<?xml version = '1.0' encoding = 'UTF-8'?>
<Table class="oracle.dbtools.crest.model.design.relational.Table" directorySegmentName="seg_0" id="4B1821A0-4EE6-27EB-23EE-D9D8BADFA0A2" name="APPOINTMENT_SERVICE">
<createdBy>damie</createdBy>
<createdTime>2021-02-02 12:41:48 UTC</createdTime>
<generatorID>72734746-30E6-5A07-51FC-FAD1E42235B1</generatorID>
<ownerDesignName>md_logical</ownerDesignName>
<allowColumnReorder>false</allowColumnReorder>
<existDependencyGenerateInDDl>true</existDependencyGenerateInDDl>
<parsed>true</parsed>
<columns itemClass="oracle.dbtools.crest.model.design.relational.Column">
<Column name="service_code" id="D9699BBC-D4BC-1570-AAF6-0B2A28EAC974">
<createdBy>damie</createdBy>
<createdTime>2021-02-02 12:41:48 UTC</createdTime>
<commentInRDBMS><![CDATA[Service Code]]></commentInRDBMS>
<generatorID>E7100D7D-4ABF-40ED-4FFA-9BA22B20E7F0</generatorID>
<ownerDesignName>md_logical</ownerDesignName>
<useDomainConstraints>false</useDomainConstraints>
<use>1</use>
<logicalDatatype>LOGDT019</logicalDatatype>
<dataTypePrecision>4</dataTypePrecision>
<ownDataTypeParameters>,4,</ownDataTypeParameters>
<previousColumn>false</previousColumn>
<autoIncrementCycle>false</autoIncrementCycle>
<associations>
<colAssociation fkAssociation="6156EC3D-2254-A70C-6A86-70FBE6230DBA" referredColumn="76E3B457-A8EC-0638-5EF3-1EB4F3A0B49A"/>
</associations>
</Column>
<Column name="service_fee_charged" id="3FFFE6C9-B52B-111F-C8F5-E141B7674655">
<createdBy>damie</createdBy>
<createdTime>2021-02-02 12:41:48 UTC</createdTime>
<commentInRDBMS><![CDATA[Actual fee charged for service]]></commentInRDBMS>
<generatorID>0028C552-CC8A-0D58-800E-C246EA9A2DD6</generatorID>
<ownerDesignName>md_logical</ownerDesignName>
<useDomainConstraints>false</useDomainConstraints>
<use>1</use>
<logicalDatatype>LOGDT019</logicalDatatype>
<dataTypePrecision>7</dataTypePrecision>
<dataTypeScale>2</dataTypeScale>
<ownDataTypeParameters>,7,2</ownDataTypeParameters>
<autoIncrementCycle>false</autoIncrementCycle>
</Column>
<Column name="appt_no" id="D964B6D1-DE00-BA9A-AEBD-FBBA2ACE92B5">
<createdBy>damie</createdBy>
<createdTime>2021-02-02 12:41:48 UTC</createdTime>
<commentInRDBMS><![CDATA[Surrogate key for appointment]]></commentInRDBMS>
<generatorID>A081E82C-2EE0-F883-FE28-9C8352AF294D</generatorID>
<ownerDesignName>md_logical</ownerDesignName>
<useDomainConstraints>false</useDomainConstraints>
<use>1</use>
<logicalDatatype>LOGDT019</logicalDatatype>
<dataTypePrecision>7</dataTypePrecision>
<ownDataTypeParameters>,7,</ownDataTypeParameters>
<previousColumn>false</previousColumn>
<autoIncrementCycle>false</autoIncrementCycle>
<associations>
<colAssociation fkAssociation="FE9C402C-D5F9-93B2-D3CD-BA26B8B0AE51" referredColumn="DF8C600A-92B1-0892-E8BE-A369BFD8ACD9"/>
</associations>
</Column>
<Column name="patient_no" id="E73182F8-52B1-E157-0B0B-FC5628064869">
<createdBy>damie</createdBy>
<createdTime>2021-02-02 12:43:51 UTC</createdTime>
<ownerDesignName>md_logical</ownerDesignName>
<useDomainConstraints>false</useDomainConstraints>
<use>1</use>
<logicalDatatype>LOGDT019</logicalDatatype>
<dataTypePrecision>4</dataTypePrecision>
<ownDataTypeParameters>,4,</ownDataTypeParameters>
<previousColumn>false</previousColumn>
<autoIncrementCycle>false</autoIncrementCycle>
<associations>
<colAssociation fkAssociation="FE9C402C-D5F9-93B2-D3CD-BA26B8B0AE51" referredColumn="EDC6422B-06AC-A4B3-5E9D-F93660B701B3"/>
</associations>
</Column>
<Column name="patient_no2" id="AA253F3B-E15D-FE92-F166-5830D3966CAF">
<createdBy>damie</createdBy>
<createdTime>2021-02-02 13:00:05 UTC</createdTime>
<commentInRDBMS><![CDATA[Patient Number]]></commentInRDBMS>
<generatorID>202D8FEE-877A-26F4-C58C-8A02713310AD</generatorID>
<ownerDesignName>md_logical</ownerDesignName>
<useDomainConstraints>false</useDomainConstraints>
<use>1</use>
<logicalDatatype>LOGDT019</logicalDatatype>
<dataTypePrecision>4</dataTypePrecision>
<ownDataTypeParameters>,4,</ownDataTypeParameters>
<previousColumn>false</previousColumn>
<autoIncrementCycle>false</autoIncrementCycle>
</Column>
</columns>
<indexes itemClass="oracle.dbtools.crest.model.design.relational.Index">
<ind_PK_UK id="FA144078-99E6-5F28-3BED-5A659F6B9B46" name="APPOINTMENT_SERVICE_PK">
<createdBy>damie</createdBy>
<createdTime>2021-02-02 12:41:48 UTC</createdTime>
<generatorID>6021607B-C4C8-DA2A-DDBF-70EAE45E00A9</generatorID>
<ownerDesignName>md_logical</ownerDesignName>
<pk>true</pk>
<indexState>Primary Constraint</indexState>
<isSurrogateKey>false</isSurrogateKey>
<indexColumnUsage>
<colUsage columnID="D9699BBC-D4BC-1570-AAF6-0B2A28EAC974"/>
</indexColumnUsage>
</ind_PK_UK>
<ind_PK_UK id="60D853B3-5474-36F5-6796-1CED2A97A014" name="appointment&apos;s_service">
<createdBy>damie</createdBy>
<createdTime>2021-02-02 12:41:48 UTC</createdTime>
<generatorID>E9417320-0B84-3CF6-6CD4-A6BD0EBBBB82</generatorID>
<ownerDesignName>md_logical</ownerDesignName>
<indexState>Foreign Key</indexState>
<isSurrogateKey>false</isSurrogateKey>
<indexColumnUsage>
<colUsage columnID="E73182F8-52B1-E157-0B0B-FC5628064869"/>
<colUsage columnID="D964B6D1-DE00-BA9A-AEBD-FBBA2ACE92B5"/>
</indexColumnUsage>
</ind_PK_UK>
<ind_PK_UK id="7947061B-166B-F32B-837E-AA632B37B8F7" name="appointment_service">
<createdBy>damie</createdBy>
<createdTime>2021-02-02 12:41:49 UTC</createdTime>
<generatorID>AB712452-D6BD-5590-A959-9F53AA6CA69D</generatorID>
<ownerDesignName>md_logical</ownerDesignName>
<indexState>Foreign Key</indexState>
<isSurrogateKey>false</isSurrogateKey>
<indexColumnUsage>
<colUsage columnID="D9699BBC-D4BC-1570-AAF6-0B2A28EAC974"/>
</indexColumnUsage>
</ind_PK_UK>
</indexes>
</Table>
