<?xml version = '1.0' encoding = 'UTF-8'?>
<Table class="oracle.dbtools.crest.model.design.relational.Table" directorySegmentName="seg_0" id="9BF3AB52-1E86-6579-B408-E5AAEE9B1AC9" name="APPOINTMENT">
<createdBy>damie</createdBy>
<createdTime>2021-02-02 12:41:48 UTC</createdTime>
<generatorID>BD6C7EAB-EBB5-6DE8-9A94-715BD2B83A9B</generatorID>
<ownerDesignName>md_logical</ownerDesignName>
<allowColumnReorder>false</allowColumnReorder>
<existDependencyGenerateInDDl>true</existDependencyGenerateInDDl>
<parsed>true</parsed>
<columns itemClass="oracle.dbtools.crest.model.design.relational.Column">
<Column name="prov_code" id="9670B540-0844-13B2-1A18-91CD5808F933">
<createdBy>damie</createdBy>
<createdTime>2021-02-02 12:41:48 UTC</createdTime>
<commentInRDBMS><![CDATA[Provider code]]></commentInRDBMS>
<generatorID>8C5790BD-7DFD-478D-8EB1-BB574582D032</generatorID>
<ownerDesignName>md_logical</ownerDesignName>
<useDomainConstraints>false</useDomainConstraints>
<use>1</use>
<logicalDatatype>LOGDT025</logicalDatatype>
<dataTypeSize>6</dataTypeSize>
<ownDataTypeParameters>,,</ownDataTypeParameters>
<previousColumn>false</previousColumn>
<autoIncrementCycle>false</autoIncrementCycle>
<associations>
<colAssociation fkAssociation="A36493B6-CB32-DAEF-4FF1-A21DDA667EEB" referredColumn="90BAF1C1-A06D-8645-D7AF-62947ED73ABE"/>
</associations>
</Column>
<Column name="appt_datetime" id="55A180F1-29BE-8B22-EBE4-42312AAC941C">
<createdBy>damie</createdBy>
<createdTime>2021-02-02 12:41:48 UTC</createdTime>
<commentInRDBMS><![CDATA[Appointment date and time]]></commentInRDBMS>
<generatorID>F638B28E-7895-936C-7AAA-A16A92F9373C</generatorID>
<ownerDesignName>md_logical</ownerDesignName>
<useDomainConstraints>false</useDomainConstraints>
<use>1</use>
<logicalDatatype>LOGDT007</logicalDatatype>
<ownDataTypeParameters>,,</ownDataTypeParameters>
<autoIncrementCycle>false</autoIncrementCycle>
</Column>
<Column name="appt_room" id="15AF9905-F0AA-6770-AB3F-1592DBBA22C6">
<createdBy>damie</createdBy>
<createdTime>2021-02-02 12:41:48 UTC</createdTime>
<commentInRDBMS><![CDATA[Appointment Room]]></commentInRDBMS>
<generatorID>BB9029D1-696D-7064-F156-F23E8DF44D21</generatorID>
<ownerDesignName>md_logical</ownerDesignName>
<useDomainConstraints>false</useDomainConstraints>
<use>1</use>
<logicalDatatype>LOGDT019</logicalDatatype>
<dataTypePrecision>4</dataTypePrecision>
<ownDataTypeParameters>,4,</ownDataTypeParameters>
<autoIncrementCycle>false</autoIncrementCycle>
</Column>
<Column name="appt_type" id="7DB7D56A-8E59-77B3-525E-AD6BC5BE503F">
<createdBy>damie</createdBy>
<createdTime>2021-02-02 12:41:48 UTC</createdTime>
<commentInRDBMS><![CDATA[Appointment Type which keeps track of appointment length (short, standard or long)]]></commentInRDBMS>
<generatorID>969DB4C4-D5FF-1848-4B20-6762F435478E</generatorID>
<ownerDesignName>md_logical</ownerDesignName>
<constraintName>Appointment length </constraintName>
<useDomainConstraints>false</useDomainConstraints>
<use>1</use>
<logicalDatatype>LOGDT024</logicalDatatype>
<dataTypeSize>50</dataTypeSize>
<listOfValues>
<valueDef value="Long" description="Long appointment"/>
<valueDef value="Short" description="Short appointment"/>
<valueDef value="Standard" description="Standard length appointment"/>
</listOfValues>
<ownDataTypeParameters>50,,</ownDataTypeParameters>
<autoIncrementCycle>false</autoIncrementCycle>
</Column>
<Column name="appt_fee" id="0CB1F384-671E-10A0-8DDE-86C16D126098">
<createdBy>damie</createdBy>
<createdTime>2021-02-02 12:41:48 UTC</createdTime>
<commentInRDBMS><![CDATA[Actual fee for appointment]]></commentInRDBMS>
<generatorID>5D8D8C8B-23CA-D2F9-381E-838B5AA81D5B</generatorID>
<ownerDesignName>md_logical</ownerDesignName>
<useDomainConstraints>false</useDomainConstraints>
<use>1</use>
<logicalDatatype>LOGDT019</logicalDatatype>
<dataTypePrecision>5</dataTypePrecision>
<dataTypeScale>2</dataTypeScale>
<ownDataTypeParameters>,5,2</ownDataTypeParameters>
<autoIncrementCycle>false</autoIncrementCycle>
</Column>
<Column name="patient_no" id="EDC6422B-06AC-A4B3-5E9D-F93660B701B3">
<createdBy>damie</createdBy>
<createdTime>2021-02-02 12:41:48 UTC</createdTime>
<commentInRDBMS><![CDATA[Patient Number]]></commentInRDBMS>
<generatorID>46E62EF0-E429-49A6-8DDA-68B000CAE750</generatorID>
<ownerDesignName>md_logical</ownerDesignName>
<useDomainConstraints>false</useDomainConstraints>
<use>1</use>
<logicalDatatype>LOGDT019</logicalDatatype>
<dataTypePrecision>4</dataTypePrecision>
<ownDataTypeParameters>,,</ownDataTypeParameters>
<previousColumn>false</previousColumn>
<autoIncrementCycle>false</autoIncrementCycle>
<associations>
<colAssociation fkAssociation="2AC6D016-27FB-5598-DD18-01573B3FFF26" referredColumn="66931F7C-B950-3604-A91F-A5D4D1F878F0"/>
</associations>
</Column>
<Column name="appt_no" id="DF8C600A-92B1-0892-E8BE-A369BFD8ACD9">
<createdBy>damie</createdBy>
<createdTime>2021-02-02 12:41:48 UTC</createdTime>
<commentInRDBMS><![CDATA[Surrogate key for appointment]]></commentInRDBMS>
<generatorID>3BA6087F-04BF-84FB-94A2-65E4C84E6AC6</generatorID>
<ownerDesignName>md_logical</ownerDesignName>
<useDomainConstraints>false</useDomainConstraints>
<use>1</use>
<logicalDatatype>LOGDT019</logicalDatatype>
<dataTypePrecision>7</dataTypePrecision>
<ownDataTypeParameters>,7,</ownDataTypeParameters>
<autoIncrementCycle>false</autoIncrementCycle>
</Column>
</columns>
<indexes itemClass="oracle.dbtools.crest.model.design.relational.Index">
<ind_PK_UK id="6DA9B605-08A4-2B24-3363-F28E1DD04C13" name="APPOINTMENT_PK">
<createdBy>damie</createdBy>
<createdTime>2021-02-02 12:41:48 UTC</createdTime>
<generatorID>21CBDA71-AA94-33AC-1A1D-27E6B600B7F4</generatorID>
<ownerDesignName>md_logical</ownerDesignName>
<pk>true</pk>
<indexState>Primary Constraint</indexState>
<isSurrogateKey>false</isSurrogateKey>
<indexColumnUsage>
<colUsage columnID="EDC6422B-06AC-A4B3-5E9D-F93660B701B3"/>
<colUsage columnID="DF8C600A-92B1-0892-E8BE-A369BFD8ACD9"/>
</indexColumnUsage>
</ind_PK_UK>
<ind_PK_UK id="1118F6FE-B58F-F59B-A5C8-75CD32A5A5DD" name="Patient&apos;s_appointment">
<createdBy>damie</createdBy>
<createdTime>2021-02-02 12:41:49 UTC</createdTime>
<generatorID>6C3D8CC5-A065-6F36-D634-451D650950C3</generatorID>
<ownerDesignName>md_logical</ownerDesignName>
<indexState>Foreign Key</indexState>
<isSurrogateKey>false</isSurrogateKey>
<indexColumnUsage>
<colUsage columnID="EDC6422B-06AC-A4B3-5E9D-F93660B701B3"/>
</indexColumnUsage>
</ind_PK_UK>
<ind_PK_UK id="D1345C95-084D-5796-68C7-5D2C99C6EEC0" name="Provider&apos;s_appointments">
<createdBy>damie</createdBy>
<createdTime>2021-02-02 12:41:49 UTC</createdTime>
<generatorID>6C04A25E-0EAD-2F27-9060-37D5C9417510</generatorID>
<ownerDesignName>md_logical</ownerDesignName>
<indexState>Foreign Key</indexState>
<isSurrogateKey>false</isSurrogateKey>
<indexColumnUsage>
<colUsage columnID="9670B540-0844-13B2-1A18-91CD5808F933"/>
</indexColumnUsage>
</ind_PK_UK>
</indexes>
</Table>
