<?xml version = '1.0' encoding = 'UTF-8'?>
<Table class="oracle.dbtools.crest.model.design.relational.Table" directorySegmentName="seg_0" id="B8ECF93E-6A25-8D22-9F2A-4D612D288A29" name="INSURER">
<createdBy>damie</createdBy>
<createdTime>2021-02-02 12:41:48 UTC</createdTime>
<generatorID>D045EE83-2C79-7E84-743A-28DDDD81E537</generatorID>
<ownerDesignName>md_logical</ownerDesignName>
<allowColumnReorder>false</allowColumnReorder>
<existDependencyGenerateInDDl>true</existDependencyGenerateInDDl>
<parsed>true</parsed>
<columns itemClass="oracle.dbtools.crest.model.design.relational.Column">
<Column name="insurer_code" id="9856C830-99E2-A6C3-A750-727B760523F2">
<createdBy>damie</createdBy>
<createdTime>2021-02-02 12:41:48 UTC</createdTime>
<commentInRDBMS><![CDATA[Insurance Code]]></commentInRDBMS>
<generatorID>B0E9E9C8-E43F-7024-3DED-D261FBA83E20</generatorID>
<ownerDesignName>md_logical</ownerDesignName>
<useDomainConstraints>false</useDomainConstraints>
<use>1</use>
<logicalDatatype>LOGDT019</logicalDatatype>
<dataTypePrecision>7</dataTypePrecision>
<ownDataTypeParameters>,7,</ownDataTypeParameters>
<autoIncrementCycle>false</autoIncrementCycle>
</Column>
<Column name="insurer_name" id="5F8E2ED6-3504-B3C7-440A-6C182C96B4DB">
<createdBy>damie</createdBy>
<createdTime>2021-02-02 12:41:48 UTC</createdTime>
<commentInRDBMS><![CDATA[Insurer Name]]></commentInRDBMS>
<generatorID>61DC3384-7B84-8534-7A4B-260D09FC1B12</generatorID>
<ownerDesignName>md_logical</ownerDesignName>
<useDomainConstraints>false</useDomainConstraints>
<use>1</use>
<logicalDatatype>LOGDT024</logicalDatatype>
<dataTypeSize>100</dataTypeSize>
<ownDataTypeParameters>100,,</ownDataTypeParameters>
<autoIncrementCycle>false</autoIncrementCycle>
</Column>
<Column name="insurer_phone_no" id="A2B3C157-46B5-2B2B-5D24-BD17725BEC39">
<createdBy>damie</createdBy>
<createdTime>2021-02-02 12:41:48 UTC</createdTime>
<commentInRDBMS><![CDATA[insurer's phone number]]></commentInRDBMS>
<generatorID>77F2B3B9-ACD3-535E-56BE-100237BC88E4</generatorID>
<ownerDesignName>md_logical</ownerDesignName>
<useDomainConstraints>false</useDomainConstraints>
<use>1</use>
<logicalDatatype>LOGDT019</logicalDatatype>
<dataTypePrecision>10</dataTypePrecision>
<ownDataTypeParameters>,10,</ownDataTypeParameters>
<autoIncrementCycle>false</autoIncrementCycle>
</Column>
</columns>
<indexes itemClass="oracle.dbtools.crest.model.design.relational.Index">
<ind_PK_UK id="8779F7E7-E18F-D07D-CAEF-16319724DF9B" name="INSURER_PK">
<createdBy>damie</createdBy>
<createdTime>2021-02-02 12:41:48 UTC</createdTime>
<generatorID>1B19E4FC-3B41-D37A-7D14-8783EF236DA1</generatorID>
<ownerDesignName>md_logical</ownerDesignName>
<pk>true</pk>
<indexState>Primary Constraint</indexState>
<isSurrogateKey>false</isSurrogateKey>
<indexColumnUsage>
<colUsage columnID="9856C830-99E2-A6C3-A750-727B760523F2"/>
</indexColumnUsage>
</ind_PK_UK>
</indexes>
</Table>
